MD5,SHA1,FileNames
"05f96ff95c73946b4d7835aa6132526f","1216e2ac1cea089d93b63014ba6b14d4a91b0491","b4dm755.001\PERSONAL [exFAT]\[root]\System Volume Information\WPSettings.dat"
"e6d4442e4c9c5fd7d5bfb6cda0722423","062f75e2580f6c1261bab8a7156887839a5205ed","b4dm755.001\PERSONAL [exFAT]\[root]\System Volume Information\IndexerVolumeGuid"
"d41d8cd98f00b204e9800998ecf8427e","da39a3ee5e6b4b0d3255bfef95601890afd80709","b4dm755.001\PERSONAL [exFAT]\[root]\condominium.pdf"
"1f8b82e19b798ffc2c6219cc39779cf7","3ddab9421d6e9d2b3fc0e7f3fa4da9ec7334fc03","b4dm755.001\PERSONAL [exFAT]\[root]\hideout.pdf"
"f578de73a75cb5c40a41dca76b4d6a59","6a4cbe89125a61327e3c9dd45404300c4daf6867","b4dm755.001\PERSONAL [exFAT]\[root]\operations.xlsx"
"d41d8cd98f00b204e9800998ecf8427e","da39a3ee5e6b4b0d3255bfef95601890afd80709","b4dm755.001\PERSONAL [exFAT]\[root]\resortsworld.png"
"d41d8cd98f00b204e9800998ecf8427e","da39a3ee5e6b4b0d3255bfef95601890afd80709","b4dm755.001\PERSONAL [exFAT]\[root]\townhouse.pdf"
"5d5afbfa69d0c0a75bd037eac7f25f92","cd5f1eb26625e47295501cebae2a664b3015deae","b4dm755.001\PERSONAL [exFAT]\[root]\warehouse.pdf"
"a40aff6ecb2e4277e0faddac56af645f","1dad16b21c2adfadcf21e646b84ecc92325d8971","b4dm755.001\PERSONAL [exFAT]\[root]\autorun.ico"
"84f7f39a098afae186aa8329260187f6","77fd13da591c4d23124a72ba7ce5a01cfa2c91a2","b4dm755.001\PERSONAL [exFAT]\[root]\autorun.inf"
"08b549850e2325487338cff1a4dad746","c8b9b0f7798d41d322fae27b9fb66586cf510a1c","b4dm755.001\PERSONAL [exFAT]\[root]\CJAT_Toolkit_full_version23Mar10all.pdf"
"4eaf278cf2589d2d99a7e45b0ca21f20","00ac0178a38e7881292bfc4d9e7c9df48b7cb580","b4dm755.001\PERSONAL [exFAT]\[root]\dailytasks.txt"
"f14c0a0ab908ce5b50f7695586a7c194","df290c9bfc21b9229b0d44e47e8ec7880f774189","b4dm755.001\PERSONAL [exFAT]\[root]\interview.txt"
"bf9a056e896c1cec04ea4e42f5306e6f","71ef7529eb22cbe74e019de800ba82cc583c863b","b4dm755.001\PERSONAL [exFAT]\[root]\nistspecialpublication800-86.pdf"
"38c0ad2dd74368b2ee26a96e4541f573","b279e73133ea2afb447debf9f960ab53d946ee60","b4dm755.001\PERSONAL [exFAT]\[root]\usab5601.pdf"
"3da95796e2afac30b4fe32b467d3d065","029fefa29ee628e9e54dea1733a399d964494d7d","b4dm755.001\PERSONAL [exFAT]\[root]\usab5906.pdf"
